"Name","Type","HQ","Ticket Range (EUR)","Thesis/Sector Fit","Why fits Chairmatch","Why fits Alltagsengel","Contact Channel","Active 2025-26 Evidence","Anti-Match Flag"
"Hustle Fund — Elizabeth Yin / Eric Bahn","Micro-VC","San Francisco, USA","25k-140k","Pre-seed generalist, ""hilariously early,"" explicit marketplace focus, global founders welcome","Marketplace thesis fit; week-over-week velocity model rewards lean teams with 1 booking already","Care marketplace thesis fit; global mandate and writes into solo cross-border founders","Apply form: hustlefund.vc/apply + LinkedIn @elizabethyin","Fund IV raising March 2025 ($50M target); 20 investments in 2025, 4+ in early 2026","Tiny initial check; will need co-leads"
"Afore Capital — Anamitra Banerji / Gaurav Jain","Micro-VC","San Francisco, USA","230k-1M","Pure pre-seed; Fund IV $185M Feb 2025; ""pre-seed 2.0"" thesis with FIR program","Marketplace founders welcome; Modern Health/BetterUp show comfort with services-platform plays","Modern Health portfolio signals openness to regulated wellness/health-adjacent verticals","hello@afore.vc + apply at afore.vc/residence","$185M Fund IV announced Feb 2025; 17 investments in 2025 incl. TakeTwo, Loop AI Series A Feb 2026","none"
"NFX — James Currier / Pete Flueckiger","Micro-VC","San Francisco, USA","230k-2.7M","Network effects/marketplace specialists; explicit ""Marketplaces FAST"" pre-seed program","Direct fit — Chairmatch IS a network-effects marketplace; FAST program built for this","Care marketplace fits NFX ""vertical networks"" thesis","Apply: fast.nfx.com/fast-marketplaces (24h decision)","Fund III $450M actively deploying; portfolio Q4 2025 + Jan 2026 active across marketplaces","none — IDEAL match for Chairmatch"
"FJ Labs — Fabrice Grinda / Jose Marin","Micro-VC","New York, USA","185k flat","World's largest marketplace investor; 1,000+ marketplaces backed; fixed check sizes","Direct fit — 2-sided marketplace specialists; Grinda calls himself ""king of marketplaces""","Backed care/service marketplaces incl. Properly, Rappi, Cera Care-adjacent","apply@fjlabs.com + LinkedIn @fabricegrinda; 1-week decision no warm intro needed","Q3 2025 update shows continued active deployment; 928 lifetime investments","none — strongest single fit for Chairmatch"
"GoAhead Ventures — Clancey Stahr","Micro-VC","Menlo Park, USA","185k-280k","Pre-seed; open video-pitch funnel (zero warm-intro required); global founders","Marketplace-friendly, decision in days, written explicitly for non-Bay-Area founders","Global remit and fast decisions ideal for solo non-US founder profile","Submit 3-min video at goaheadvc.com (no intro needed)","$175M+ AUM; reviews 3,000+ founder videos/yr; actively deploying 2025-26","none — built for cold founders"
"Soma Capital — Aneel Ranadive","Micro-VC","San Francisco, USA","90k-460k","Pre-seed generalist; cross-border thesis explicit; 30+ pre-seeds in 2025","Marketplace welcome; cross-border thesis perfect for EU founder targeting global play","Cross-border thesis = DACH care startup fits; broad B2C portfolio","apply at somacap.com/apply + LinkedIn @aneel","30+ pre-seed checks 2025 avg ~$500K; launched AI Fund II $55M of $100M target","none"
"Right Side Capital — Dave Lambert","Micro-VC","San Francisco, USA","45k-185k","Pre-seed specialist with 2,000+ companies; cold-outreach friendly; quick decisions","Marketplace deals welcome; low check pairs with EU follow-ons","Care thesis OK; broad sector mandate at low valuations ($2-4M)","Apply form: rightsidecapital.com (no intro needed)","Named TIME/Statista Top VC 2025; 2,000+ portfolio","Low valuation cap may pinch if Yusuf wants higher valuation"
"Pareto Holdings — Edward Lando / Jon Oringer","Syndicate","New York, USA","45k-460k","Hyper-prolific super-angel studio; deploys personal capital","Marketplace-friendly; broad-sector pre-seed across global founders","Broad thesis; care marketplace fits ""do everything weird and early"" approach","LinkedIn DM @edwardlando","53+ investments listed; active 2025 deployment through Pareto20.com","none"
"BoxGroup — David Tisch","Micro-VC","New York, USA","230k-920k","NYC pre-seed/seed; $550M raised Oct 2025 across Box Seven + Opportunity Fund","Consumer + marketplace history (Plaid, Glossier, Warby) signals fit","Consumer + health portfolio history; would consider regulated services","partners@boxgroup.com + LinkedIn @davetisch","$550M closed Oct 2025; 29 new investments LTM","Strong NYC/SF founder preference — EU plays harder"
"Lerer Hippeau — Eric Hippeau","Micro-VC","New York, USA","90k-2.7M","NYC consumer + enterprise pre-seed/seed; Fund IX $200M April 2025","Consumer marketplace history (BarkBox, Warby Parker, Casper)","Consumer-care/services-adjacent comfort; Everyday Economy play","hello@lererhippeau.com + LinkedIn @ehippeau","$200M Fund IX closed April 2025; 19 investments in 2025","US-focused; cold EU outreach uphill"
"Lenny Rachitsky","Angel","San Francisco, USA","25k-90k","Active angel in AI, B2B SaaS, marketplaces, platforms, consumer products","Marketplace thesis stated explicitly; massive audience could amplify","Care marketplace fits ""remarkable consumer products"" thesis","Twitter/X @lennysan + lenny@lennyrachitsky.com","46 investments; latest Granola Series B May 2025","Solo founder + cold needs strong angle"
"Naval Ravikant","Angel/Syndicate","San Francisco, USA","45k-460k","Consumer + SaaS angel, AngelList founder; runs USVC fund","Marketplace fit possible (backed Uber, Postmates)","n/a","AngelList @naval; Twitter @naval","Latest investment Blackstar Apr 2026 (Seed); 273 investments lifetime","Heavy SF/NYC bias; usually US-incorporated only"
"Sahil Lavingia (SHL Capital)","Angel","New York, USA","25k-90k","Founder/CEO Gumroad; angel in 26 startups, SaaS/marketplace lean","Marketplace + creator-economy comfort","n/a","Twitter/X @shl + LinkedIn DM","Latest investment Monumental Labs Jul 2025","Stops if not consumer/SaaS-y"
"Cyan Banister (Long Journey Ventures)","Angel/Micro-VC","San Francisco, USA","230k-920k","First-women-partner ex-Founders Fund; backs ""unsexy"" infra + services bets","Strong fit — was early in Thumbtack, Postmates, Uber","Strong fit — explicit love of ""unsexy"" job-creation companies","LinkedIn @cyanbanister; longjourney.vc/contact","Latest investment Vigil Labs Aug 2025; Long Journey IV $181.8M closed March 2025","none — IDEAL for both"
"Long Journey Ventures (Fund IV)","Micro-VC","San Francisco, USA","460k-1.8M","$181.8M Fund IV March 2025; pre-seed/Series A unconventional ideas","Marketplace-friendly via Cyan Banister thesis","Job-creation + unconventional bets fit care marketplace narrative","hello@longjourney.vc + LinkedIn","$181.8M Fund IV announced March 2025; 18 investments in 2025","none"
"Jason Calacanis — LAUNCH Fund + The Syndicate","Syndicate","Los Angeles, USA","25k-460k","Super-angel; LAUNCH applies to 100 startups/yr; runs 10,000-member Syndicate","Marketplace-friendly; Calacanis backed Uber early","Backed Calm + Uber; broad services + consumer comfort","Apply at launch.co/apply (no warm intro needed); Twitter @jason","145+ investments; recent exits Nucanon Nov 2025, Superhuman July 2025","High-volume = thin engagement"
"Charlie Songhurst (Acequia Capital)","Angel","Seattle, USA","25k-185k","500+ angel investments; ""uncompetitive markets"" thesis","Care marketplace = overlooked unsexy space he favors","Strong fit — pattern-recognition over unsexy markets","LinkedIn DM @charlessonghurst","Latest investment BirdyChat May 2026; 8 in 2025, 12 in 2024","none"
"Elad Gil","Angel","San Francisco, USA","230k-2.7M","Solo GP; $800M Gil Ventures IV; backed Airbnb, Stripe, Coinbase","Marketplace fit (Airbnb, Instacart, Opendoor)","Health adjacency (Brex, Checkr) but mostly AI now","LinkedIn @eladgil; Twitter @eladgil","Raising $1.5B solo GP fund 2025; Forbes Midas List #6 in 2024","Mostly AI-only since 2024; high bar"
"Auren Hoffman (Flex Capital)","Angel/Syndicate","San Francisco, USA","25k-185k","120+ angel investments incl. Thumbtack; runs AngelList syndicates","Backed Thumbtack — direct services marketplace precedent","n/a","LinkedIn @aurenhoffman; flexcapital.com","Latest investment Fractional AI 2024; active syndicate leader","none"
"Slow Ventures","Micro-VC","San Francisco, USA","460k-2.7M","Pre-seed/seed across consumer (marketplaces), creator economy; $60M Creator Fund Feb 2025","Consumer marketplaces explicit in thesis (Venmo, Airtable)","Consumer angle but less care-tech precedent","hello@slow.co + LinkedIn","$275M+ deploying across two new funds","Less health/care portfolio depth"
"Founder Collective","Micro-VC","Boston/NYC, USA","460k-2.7M","Sector-agnostic seed/pre-seed; 388 investments over 18 yrs","Marketplace history (Uber, Buzzfeed); broad thesis","Open to consumer-services bets","hello@foundercollective.com + LinkedIn @ericpaley","16 investments in 2025; recent Trek Health follow-on","none"
"NextView Ventures","Micro-VC","Boston, USA","460k-2.7M","""Everyday Economy"" thesis; pre-seed/seed leader on consumer + commerce","Marketplaces explicitly in thesis (thredUp); everyday-life fit","Care marketplace = literal Everyday Economy","hello@nextviewventures.com + LinkedIn @robgo","12 investments in 2025; 5 in early 2026","none"
"Day One Ventures","Micro-VC","San Francisco, USA","90k-460k","Pre-seed to seed; couples capital with PR/comms; 50%+ AI lean recently","Marketplace possible but bias toward heavy AI 2025","n/a","LinkedIn @msmasha; dayoneventures.com","7 investments LTM; Netic Dec 2025; portfolio 107 companies","Heavy AI/SF pivot — non-AI tougher"
"MaC Venture Capital","Micro-VC","Los Angeles, USA","460k-2.7M","LA-based; consumer + enterprise + culture-led plays","Consumer marketplaces (Pipe, Stoke)","Broad sector comfort; backed Zigazoo","hello@macventurecapital.com + LinkedIn @adrian","13 investments in 2025 incl. Janta Power, Atomic; 6 unicorns","none"
"Hannah Grey VC — Jessica Peltz-Zatulove","Micro-VC","New York, USA","320k-920k","Pre-seed/seed; reimagining everyday experiences; SaaS+wellness+consumer","Marketplace welcome; wellness/everyday thesis fits beauty/salon","Wellness + healthcare reimagining = direct care marketplace fit","hello@hannahgrey.com + LinkedIn @jpeltz","Active investor; 43+ portfolio, wellness-aware","US-focused; less DACH experience"
"BBG Ventures","Micro-VC","New York, USA","230k-920k","Pre-seed/seed for diverse-led consumer founders; healthcare transformation focus","Beauty/wellness marketplace fits ""diverse consumer base"" thesis","Direct fit — Healthcare Transformation is one of 6 focus areas","hello@bbgventures.com + LinkedIn @susanlyne","4 investments in 2025, 1 in early 2026; 92-company portfolio","Diversity-of-leadership lens — Yusuf as immigrant founder fits"
"Imaginary Ventures — Natalie Massenet / Nick Brown","Micro-VC","New York, USA","460k-2.7M","Retail, health, wellness, beauty, CPG, marketplaces specialist","Direct fit — beauty + wellness + marketplaces is literally their thesis","Wellness adjacency only","nick@imaginary.com + LinkedIn @nickbrown","4 investments in 2025; Glossier, Skims, Daily Harvest portfolio","Often $1M+ checks — may be early for Chairmatch"
"Bling Capital — Ben Ling","Micro-VC","San Francisco, USA","460k-2.7M","Pre-seed/seed; explicit marketplace focus from Khosla days; $270M Fund IV","Direct marketplace thesis fit; backed Veho, Rippling","Marketplace + services comfort; healthcare in stated thesis","hello@blingcap.com + LinkedIn @benjling","$270M Fund IV deploying; 254 investments lifetime; 19 unicorns backed","none"
"Precursor Ventures — Charles Hudson","Micro-VC","San Francisco, USA","230k-460k","Pre-seed specialist; 75-100 investments per fund; high-volume thesis","Marketplace-friendly; broad pre-seed thesis","Broad consumer/services thesis","charles@precursorvc.com + LinkedIn @chudson","Fund V $66M closed April 2025; 175+M AUM","none — open to cold founders"
"Notation Capital — Nicholas Chirls","Micro-VC","Brooklyn, USA","230k-690k","NYC pre-seed; hard-tech/infra/product focus","Marketplace fit limited — leans infra/tech","n/a","hello@notation.vc + LinkedIn @nchirls","Active investor; Fund III deploying; 97 investments","Infra/hard-tech focus — less consumer/care"
"Resolute Ventures","Micro-VC","San Francisco, USA","460k-1.8M","First-institutional pre-seed leader; e-commerce + marketplaces in stated thesis","Marketplace + e-commerce thesis fit","Healthcare + marketplace fit per thesis","hello@resolute.vc + LinkedIn","178 total investments; latest howie Sep 2025","Likes to lead — may not fit angel-round dynamics"
"Better Tomorrow Ventures (BTV)","Micro-VC","San Francisco, USA","460k-2.7M","$140M fintech-only fund; vertical SaaS + marketplace fintech","Chairmatch payment/booking fintech angle could fit","Reimbursement/payments fintech angle for §45b billing","sheel@btv.vc + jake@btv.vc","$140M fund closed Oct 2025","Pure fintech lens — must lead with payments story"
"Anthemis Group","Micro-VC","New York/London","460k-2.7M","Fintech + insurtech + embedded finance","Payments/booking fintech angle","Care reimbursement = embedded health-fintech fit","hello@anthemis.com + LinkedIn @amyhd","Active investor with global mandate","Heavy fintech tilt"
"Primetime Partners — Abby Miller Levy / Alan Patricof","Micro-VC","New York, USA","460k-1.8M","DEDICATED to 50+ aging/healthspan/wealthspan; Fund II $60M","n/a","DIRECT fit — they back DUOS (personal assistants for elders), Guaranteed Health, Tembo Health","abby@primetimepartners.com + LinkedIn @abbymillerlevy","Fund II $60M deploying as of June 2025; 31-company portfolio","Aging-only — Chairmatch n/a"
"Generator Ventures (Aging2.0)","Micro-VC","San Francisco, USA","230k-1.8M","Dedicated to aging/long-term care; partnered with Formation Capital ($4B)","n/a","DIRECT fit — care helpers + companionship core thesis; backed CarePredict, Sword Health","info@generatorventures.com + LinkedIn @katyfike","28 investments lifetime; latest Post Acute Analytics Series C July 2025","Aging-only — Chairmatch anti-match"
"7wireVentures","Micro-VC","Chicago, USA","460k-2.7M","Digital health + senior care; Honor + Papa portfolio partnerships","n/a","DIRECT fit — backed Honor (home care marketplace) directly comparable to Alltagsengel","partners@7wireventures.com + LinkedIn @lwgreer","Active investor; recent hire from Honor Series D","Aging/health-only — Chairmatch n/a"
"Ziegler Link•age Funds","Micro-VC","Chicago, USA","920k-2.7M","Aging + post-acute care tech/services growth fund; LeadingAge CAST partner","n/a","DIRECT fit — focus on commercialization-stage aging care services","linkage@ziegler.com + LinkedIn @ziegler-link-age-fund","Sept 2025 CTO Hotline report; planning new $50M AgeTech fund","Usually post-revenue commercialization"
"AlleyCorp Healthcare","Micro-VC","New York, USA","920k-4.6M","$100M healthcare fund; #1 Most Active Early-Stage HealthTech Investor 2025","n/a","Strong fit — backed Nomad Health (nurse staffing marketplace) — directly analogous","healthcare@alleycorp.com + LinkedIn @kevinpryan","$125M+ deployed 2025 with 20 new investments","Usually $1M+ checks — Yusuf early for them"
"Dreamers VC — Will Smith","Micro-VC","Los Angeles, USA","460k-2.7M","Bridge Japan-US; social-impact tech; consumer + health sectors","Consumer brand backing could fit","Care/social-issue thesis fit","hello@dreamersvc.com + LinkedIn","Active; latest investment Karat Series B; Step Mobile exit Feb 2026","Usually co-invests alongside leads"
"Y Combinator","Accelerator","San Francisco/Mountain View, USA","460k flat (Y$500K SAFE)","Global pre-seed accelerator; 4 batches/year; solo founders accepted with high bar","Direct fit — marketplace + 2-sided startup is classic YC profile","Direct fit — care-tech and gig marketplace are YC categories","Apply: ycombinator.com/apply","W26 deadline Nov 10 2025; S26 Feb 9 2026 deadline; Spring 2026 confirmed","Must form US/Canada/Singapore/Cayman parent co"
"a16z Speedrun","Accelerator","San Francisco, USA","460k (+ $5M credits)","12-week SF accelerator; expanded from gaming to all sectors 2025","Marketplace eligible since sector expansion","Consumer + health eligible","Apply: speedrun.a16z.com/apply","SR007 May 17 2026 deadline; July-Oct 2026 program","Must relocate to SF; <0.4% acceptance"
"Antler ONE (Continental Europe)","Accelerator","Berlin, Germany","200k initial + 300k follow-on","New flagship CE:ONE program launched Sept 2025; Berlin first city","Direct fit — DACH marketplace founder profile is exactly target","Direct fit — German care startup is high-priority demographic","Apply at antler.co/residency/europe; LinkedIn Antler Berlin","CE:ONE applications open Sept 2025; €200k initial + €300k follow-on; 0.3% acceptance","none — IDEAL for German founder"
"Antler US (NYC/Austin/Boulder)","Accelerator","New York, USA","230k","6-week US residency Sept-Nov 2025; pre-seed","Marketplace founders welcome","Care-tech welcome; international relocation acceptable","Apply: antler.co/residency/us","Fall 2025 cohort Sept 30 – Nov 7 2025","Must relocate to US city for 6 weeks"
"Techstars (Spring 2026 batches)","Accelerator","Multi-city, USA","110k ($120K standard offer)","Global accelerator; 6 cities Spring 2026 incl. LA, London","Marketplace verticals accept founders","HealthTech vertical via Northwestern Medicine accepts care-services","Apply: techstars.com (sector specific)","Spring 2026 applications open; programs kick off March 2026","Need right vertical; Berlin Techstars deep-tech only"
"500 Global Flagship Accelerator","Accelerator","Palo Alto, USA","140k ($150K)","Year-round applications; global founders; 12-week program","Marketplace and consumer founders welcome","Care-tech + consumer welcome","apply: 500.co/founders/flagship","Eurasia program ends Demo Day June 25 2026; rolling intake","Standard accelerator dilution"
"MassChallenge HealthTech","Accelerator","Boston, USA","0 equity-free","Equity-free; 2026 Healthcare Challenge with Eli Lilly, MassMutual","n/a","DIRECT fit — care services + reimbursement is healthcare-challenge gold","apply: masschallenge.org/healthtech","Spring 2026 program; matchmaking interviews Jan 21-22 2026 in Boston","Must attend Boston in person"
"AARP AgeTech Collaborative","Accelerator","Washington DC, USA","0 (ecosystem + investor intros)","4 cohorts/yr; 8-wk virtual; international founders accepted","n/a","DIRECT fit — caregiving + accessibility + longevity is core thesis; international OK","apply: agetechcollaborative.org/startups","CES 2026 showcase Dec 2025; 500+ companies in network","Must have U.S. presence or active expansion plan"
"On Deck Founder (ODF28)","Community","San Francisco, USA","0","ODF28 community kicks off Q3 2026; pre-idea→pre-seed support","Marketplace founders welcome","Broad mandate","apply: joinodf.com","ODF28 Q3 2026 confirmed","Community-only — no equity, no check"
"Seedcamp","Micro-VC","London, UK","350k-1M","Pre-seed/seed multi-stage Europe; marketplaces, fintech, SaaS, health","Backed service marketplaces since 2007 (Wise, Hopin); ClassPass-style salon rental fits historic thesis","Service marketplace plus health bridges historic care/wellbeing portfolio","Open Founder Friday application on seedcamp.com plus partners on LinkedIn","35 investments in 2025 incl. $3M pre-seed lead for Revox Q1 2025","none"
"Ada Ventures","Micro-VC","London, UK","250k-1M","Inclusive Alpha thesis: economic empowerment, healthy ageing, climate equity","Marketplace serving solo stylists (often women) = economic empowerment","Direct match for healthy ageing thesis = §45b SGB XI care helpers","Cold application form on adaventures.com/apply","6 investments in 2025 incl. Jack & Jill AI, follow-on Rgrid","Strong UK preference for early stage"
"Concept Ventures","Micro-VC","London, UK","500k-1.5M","Sector-agnostic pre-seed UK + Europe; leads 90% of rounds","First-cheque sector-agnostic backer; chair-rental marketplace fits","Sector agnostic — open to DACH care marketplaces","Contact form on concept.vc; Reece Chowdhry on LinkedIn open to cold","Closed $88M Fund II Sept 2025; 6 new deals last 12 months","none"
"Episode 1 Ventures","Micro-VC","London, UK","290k-2.3M","UK + Europe pre-seed/seed B2B software incl. B2B marketplaces","B2B marketplace at pre-seed = textbook fit","n/a","Apply via episode1.com; Damien Lane LinkedIn","9 investments in 2025 incl. Jack & Jill AI, Refute follow-on","UK preference but Europe-open"
"Playfair Capital","Micro-VC","London, UK","115k-1.7M","Exclusively pre-seed UK + Europe; 6 deals/yr high-conviction","Backed marketplaces Trouva + Appear Here; direct fit","n/a","playfair.vc contact form; partners respond to cold inbound","$70M Fund 3 deploying; 78% reach Series A","Only 6 investments/year — very selective"
"Ascension Ventures (Tech4Good Fund III)","Micro-VC","London, UK","100k-500k","Tech4Good £50M pre-seed fund; digital health, future of work, financial resilience","n/a","Digital health + future of work + service access maps to §45b care helpers","Apply via ascension.vc/entrepreneurs (cold-friendly)","£17M first close Fund III 2024; portfolio Wagestream Tembo Switchee","UK-resident bias — flag"
"SFC Capital","Micro-VC + Syndicate","London, UK","115k-345k","Most active SEIS fund UK; tech, fintech, healthtech, consumer","n/a","n/a","sfccapital.com/apply","500+ portfolio cos, £150M AUM, most active SEIS 2024","Hard anti-match: requires UK incorporation"
"7percent Ventures","Micro-VC","London, UK","460k initial","Pre-seed UK/Europe/US moonshots and frontier tech","Sector-agnostic at pre-seed; historic marketplace appetite","n/a","7pc.vc/apply; Andrew Scott on LinkedIn","5 investments in 2025 incl. Sesame AI Oct 2025","Recent pivot to quantum/aerospace/defense — flag"
"Form Ventures","Micro-VC","London, UK","250k-1M","UK pre-seed/seed in regulated industries where policy matters","n/a","Strong: §45b SGB XI is exact reimbursable-regulation moat Form targets","formventures.vc/contact","Active 2025 deployments in regulated tech","UK incorporation preference — flag"
"Founders Factory (Aviva program)","Accelerator + Studio","London, UK","50k + follow-on","Pre-Seed to Series A across fintech, health, climate; Aviva insurance + aging-tech partner","n/a","Direct: Aviva = UK's largest insurer with explicit aging focus; HealthKey precedent matches §45b reimbursable model","foundersfactory.com/aviva application","Aviva FF program extended through 2026; HealthKey £1.1M seed","Equity-heavy single-digit % terms — flag"
"LocalGlobe (Phoenix Court)","Micro-VC","London, UK","580k-2.3M","Pre-seed/seed UK + Europe in fintech, healthtech, marketplaces","Marketplace-fluent since 1999; consistently early on consumer marketplaces","Direct: Q1-2025 led $2.4M pre-seed in Nila cross-border elder-care marketplace","Phoenix Court intro form; Saul Klein on LinkedIn","491 investments; 18 unicorns seeded; Nila + Planbase pre-seeds 2025","Prefers warm intros but reads cold"
"Triple Point Ventures","Micro-VC + VCT","London, UK","575k-3.4M","UK pre-seed/seed B2B SaaS incl. vertical SaaS, healthcare","Vertical SaaS fits B2B salon platform layer","Healthcare in stated thesis = adjacent","triplepoint.vc/contact; Seb Wallace LinkedIn","£12.6M across 5 new + 5 follow-on H2 2025","UK incorporation VCT requirement"
"Octopus Ventures (Health vertical)","Micro-VC","London, UK","290k-2.3M","Pre-seed-to-Series-A health; Perci Health, Béa, Big Health portfolio","n/a","Strong: Perci Health (cancer care), Béa (at-home fertility), Big Health = care helper adjacent","octopusventures.com pitch form; Will Gibbs LinkedIn","Active 2025 health deployments","UK preference; competitive funnel"
"Connect Ventures","Micro-VC","London, UK","460k-4.6M","Europe-wide pre-seed/seed; stated ""vertical networks and marketplaces"" thesis","Direct hit: vertical-networks-and-marketplaces is named thesis pillar","n/a","connectventures.co/contact; Pietro Bezza LinkedIn","176 investments; latest pre-seed dilica Oct 2025","none"
"Notion Capital (Pioneers program)","Micro-VC","London, UK","50k-1M Pioneers","B2B SaaS pre-seed; cloud, AI, healthcare, fintech","Vertical SaaS for salons fits B2B angle","Care-marketplace SaaS layer fits; co-led Nelly DACH healthtech 2025","notioncapital.com Pioneers application","Backed Nelly Germany 2025; €114M new fund Sept 2025; 24 deals 2025","Pre-seed only via Pioneers; main fund cheques larger"
"firstminute capital","Micro-VC","London, UK","1.1M-3.4M","Pre-seed/seed UK/Europe/US; consumer, marketplaces, healthtech stated","Marketplaces is stated focus","Healthtech is stated focus","firstminute.capital/contact; Brent Hoberman LinkedIn","24 investments in 2025; n8n unicorn 2025","Targets 10% ownership — pushes valuations"
"Mosaic Ventures","Micro-VC","London, UK","900k-5.5M","Seed/Series A Europe; marketplaces, computational health, fintech","Marketplaces is one of Toby Coppel's 5 named themes","Computational health + marketplaces dual thesis = direct match","mosaicventures.com/contact; Toby Coppel LinkedIn","$300M AUM; active 2025","Cheques start at $1M — Seed not pre-seed"
"Eka Ventures","Micro-VC","London, UK","1.1M-3.4M","UK pre-seed/seed impact: health, consumer resilience, decarbonisation","n/a","Direct: health + essential-services access = §45b helper model fits","ekavc.com/apply","$107M Fund II 2025; led Conveyd Dec 2025, Medly AI Feb 2025","UK incorporation preference — flag"
"Hoxton Ventures","Micro-VC","London, UK","460k-4.6M","Pre-seed/seed/Series A European AI, deeptech, enterprise SaaS, techbio","Backed Deliveroo + Babylon = marketplace + healthtech DNA","Babylon precedent = digital-health openness","hoxtonventures.com/contact","5 investments 2025; expanded US team Sept 2025","Heavy AI/deeptech tilt currently — flag"
"Kima Ventures","Angel/Micro-VC","Paris, France","150k fixed","Sector-agnostic founder-centric pre-seed; ~150 investments/yr; cold-friendly","Sector-agnostic + cold-friendly = realistic shot","Sector-agnostic = realistic shot","kimaventures.com submission form (explicit cold channel)","132 investments in 2025; 1,270+ portfolio","Since 2018 favors French/Francophone founders — Yusuf is German, long-shot"
"Frst Capital","Micro-VC","Paris, France","575k-3.4M","French-rooted pre-seed/seed; global-ambition founders","Spun out of Otium with marketplace specialism DNA","Owkin healthtech precedent shows openness","frst.vc/contact; Pierre Entremont LinkedIn","3 new investments last 12 months as of Jul 2025","French-founder bias — flag"
"Stride.VC","Micro-VC","London + Paris","1.1M-5.7M","Seed UK + France generalist; backed Deliveroo, Cazoo, Runa","Fred Destin's marketplace DNA (Accel → Deliveroo) = strong cultural fit","n/a","stride.vc/contact; Fred Destin LinkedIn very active","42 portfolio; 4 new last 12 months Sept 2025","none"
"Daphni (Purple)","Micro-VC","Paris, France","460k-2.3M","French/European tech with societal/environmental impact","n/a","Societal-impact thesis maps to elder-care insurance; Lifen healthtech precedent","daphni.com/contact-us","€260M Blue Fund Q1 2025; 115 portfolio","French-founder bias — flag"
"XAnge","Micro-VC","Paris (Berlin/Brussels)","920k-13.8M","B-Corp seed-to-Series-C everyday-life tech","Berlin office DACH-friendly; everyday-life thesis fits","Skello + 360Learning portfolio shows service-platform openness","xange.vc/contact","9 investments in 2025; XAnge 5 €200M first close","Starts ~€1M — Seed not pre-seed"
"Resonance VC","Micro-VC","Paris, France","460k-9.2M","Pre-seed/seed/A SaaS, fintech, healthtech, consumer","Consumer + broad sectors include marketplaces","HealthTech stated sector","resonance.vc/contact","15 portfolio; Aiode investment Jun 2025","Slow pace 1-2/yr — flag"
"SuperCapital VC","Angel network/Micro-VC","Paris, France","50k-300k","360° pre-seed-to-Series-A French startups","Broad consumer/marketplace coverage","Open to consumer/care plays","supercapital.club/contact","116 portfolio; 4 new last 12 months Oct 2025","French-founder bias — flag"
"Otium Capital","Family Office","Paris, France","100k-13.8M","Pre-seed-to-LBO; explicit marketplaces, SaaS, hospitality specialism","Marketplaces stated specialism; hospitality cluster ≈ salon economy","Consumer-services exposure; care less direct","otiumcapital.com/contact","125 portfolio Nov 2025; €180M startup studio commitment","Founder Stérin politically controversial — reputational flag"
"OVNI Capital","Micro-VC","Paris (Berlin presence)","230k-1.8M","First-cheque pre-seed for European founders scaling internationally","International-ambition thesis fits DACH expansion","Open to consumer/services","ovni.capital/contact; Marie Outtier LinkedIn","€60M debut fund final close 2024; ~20 new investments planned","Skews tech-forward — flag"
"Galion.exe","Micro-VC","Paris, France","250k-2.5M","French seed enterprise, fintech, health, climate; founders' collective","n/a","Health is stated sector; Egide investment shows healthtech","galion.exe/contact","7 investments in 2025; latest Egide + Generare","Strong French-founder bias — flag"
"Iris Capital","Micro-VC","Paris (Berlin office)","920k-7.4M","Seed/Series A France + Germany tech generalist","Pan-European + German office DACH-fluent","Healthtech in portfolio","iris.vc/contact","Latest Popsink seed Oct 2025; €150M new fund","Starts at €1M — Seed not pre-seed"
"Antler London","Accelerator","London, UK","230k-330k","8-week residency + $260K cheque on IC pass; sector-agnostic","Sector-agnostic admission + expansion coaching","Sector-agnostic","antler.co/uk applications open (Oct 2025 + Mar 2026 cohorts)","Spring 2025 cohort: 14 startups, £1.7M deployed","Requires in-person London residency 8 weeks"
"Frédéric Mazzella","Angel","Paris, France","5k-50k","BlaBlaCar founder; marketplaces, future-of-work, travel, food, impact, insurance","Direct marketplace DNA; backed OLIO UK marketplace","Insurance + impact = adjacency to §45b insurance-funded care","LinkedIn direct; fredericmazzella.com","~36 angel investments; active OLIO board","Small cheques — social proof more than lead"
"Michael Benabou","Angel","Paris, France","50k-250k","Veepee co-founder; consumer, marketplace, fintech","Veepee marketplace DNA = strong fit","n/a","LinkedIn or Financière Saint-James","12 angel investments incl. Spendesk unicorn, Payflow","Slow cadence — flag"
"Roxanne Varza","Angel + Sequoia Scout","Paris, France","10k-100k","Generalist consumer + enterprise; Sequoia scout cheque path","Backed Photoroom consumer; marketplace fluency lower","Direct: Resilience.care + Moka.care care-tech portfolio","LinkedIn direct; Station F application channel","17 angel investments; latest Freqens Nov 2024","Slower cadence; sequoia scout cheque can unlock Sequoia"
"Brent Hoberman","Angel + firstminute + Founders Factory","London, UK","25k-250k","Consumer/marketplace serial entrepreneur (lastminute.com, MADE.COM)","Direct DNA: lastminute = travel marketplace; backed GetYourGuide","Aviva-partnership aging-health thesis via Founders Factory","LinkedIn; or firstminute/Founders Factory channels","28 angel investments; ongoing via firstminute/FF","Prefers warm intros — flag"
"Sherry Coutu","Angel","Cambridge, UK","25k-150k","Consumer internet, info services, education; LinkedIn + Zoopla precedent","Zoopla precedent = marketplace fluency","n/a","LinkedIn; Cambridge Angels intro","60+ angel investments; latest exit Topia Jun 2025","Slower angel cadence recently"
"David Buttress","Angel + 83North Venture Partner","London/Wales, UK","25k-100k","Just Eat founder turned angel; HealthTech + Consumer","Direct: Just Eat = canonical EU service marketplace","Direct: backed Cera, UK's largest home-care marketplace (publicly-funded analogue to §45b)","LinkedIn; 83North if warm intro available","Cera unicorn in portfolio; now OVO CEO so slower angel pace","OVO CEO role limits bandwidth — still worth attempt given Cera parallel"
"Niklas Zennström","Angel + Atomico Angel Programme","London, UK","25k-200k","Skype/Kazaa founder; consumer internet","Consumer-internet marketplace background","n/a","Atomico Angel Programme application; LinkedIn","22 angel investments; latest Audos seed Jun 2025","Atomico fund itself too late-stage"
"PICO Venture Partners","Micro-VC","Jerusalem, Israel","460k-2.3M","Tech-enabled services solving large-market inefficiencies; HealthTech, FoodTech, Consumer","Direct: ""tech-enabled services in large markets"" = Chairmatch core","Direct: HealthTech + The Vets (pet-care marketplace) + K Health = comfort with care-service marketplaces","pico.partners/contact","3 investments in 2025; latest Orion Security Feb 2026","Israeli-founder preference but international portfolio exists"
"OurCrowd","Syndicate Platform","Jerusalem, Israel","50k-500k via syndicate","Global syndicate; 200+ portfolio incl. UK, US, EU founders","Has backed marketplace cos; accepts non-Israeli founders","Digital health stated vertical","ourcrowd.com/companies/apply (open submission)","108 investments 2024 with continued 2025 growth","Israel preference but most foreign-founder-friendly Israeli channel"
"Antler Nordic Residency","Accelerator","Stockholm/Oslo/Copenhagen/Helsinki/Tallinn","100k initial + up to 300k follow-on","Day-zero pre-seed, sector-agnostic, solo founders welcome","Backs marketplaces and solo founders without warm intros — Chairmatch fits service-marketplace thesis","Backs healthtech/care plays at day-zero — Alltagsengel iOS+Android traction matches","Apply form on antler.co/apply (always-open residency since 2025)","Closed Nordic Fund II at $100M+ in 2025; always-open residency Feb 2026; invested $5.6M across 14 AI startups Dec 2025","Requires residency participation (in-person sprint)"
"Antler Berlin (Continental Europe)","Accelerator","Berlin, Germany","200k initial + up to 300k follow-on","Day-zero pre-seed, all sectors incl. service marketplaces","Single-founder friendly, residency includes Berlin which suits DACH marketplace","Same residency takes healthtech; fits solo-founder Alltagsengel","apply.antler.co (rolling)","Continental Europe €500k program launched Sept 2025; 100 founders selected from ~10k applicants","Berlin residency requires presence"
"byFounders","Micro-VC","Copenhagen, Denmark","250k-2M","Pre-seed/seed New Nordics, founder-led, community-powered, marketplace-positive","Marketplace thesis confirmed; DACH-adjacent OK","Impact-aware angle fits care-tech narrative","tina@byfounders.vc / partners listed on byfounders.vc/team","Invested in Focalx Feb 2025; Lovable, Monta, Corti in portfolio","Prefers Nordic/Baltic HQ — DACH must show Nordic angle"
"Heartcore Capital","VC","Copenhagen/Berlin/Paris/Stockholm","1.5M-3M (pre-seed possible via Fund V)","B2C consumer, marketplace, e-commerce, healthtech, fashion/beauty","Beauty/fashion + marketplace thesis is direct Chairmatch fit","Healthtech in scope; Berlin presence helps","hello@heartcore.com / partners on heartcore.com/people","Closed €170M Fund V Dec 2024; 8 investments in 2025","Often leads at seed — pre-seed checks rare"
"Maki.vc","Micro-VC","Helsinki, Finland","300k-3M initial","Pre-seed/seed deep-tech & brand-driven; Nordic/Northern Europe","Brand-driven marketplace fits Chairmatch beauty positioning","Brand-driven angle works for Alltagsengel consumer health","hello@maki.vc / partners on maki.vc","Launched €100M Fund III in 2025; 7 new investments incl. Distance Tech, QMill","Heavier on deep-tech than service marketplaces"
"Inventure","Micro-VC","Helsinki/Stockholm","200k-5M","Nordic/Baltic pre-seed to Series B; B2B SaaS, consumer, healthtech","Wolt in portfolio — proven marketplace pattern","Healthtech in mandate","hello@inventure.vc / partners on inventure.vc","7 investments in 2025, 4 YTD 2026","Sweet spot at seed — pre-seed less common"
"Norrsken Evolve","Accelerator","Stockholm, Sweden","250k pre-seed","European pre-seed impact, healthtech, AI infra, sustainability","Service-marketplace impact angle works (gig empowerment, stylist independence)","Direct impact-on-elderly thesis fit","Apply on norrskenevolve.vc","€57M raised in 2025; Norrsken VC backed 7 in 2025 incl. Sava (health), Trawa","Impact thesis required — must articulate SDG link"
"Superangel","Micro-VC","Tallinn, Estonia","100k-500k","Baltics + Nordics early stage; backers of Bolt, Veriff, Pipedrive","Bolt-DNA team understands service marketplaces deeply","Health-adjacent OK","hello@superangel.io","Active 2025 incl. UK Kraken Tech round; SEB pension as LP","Geographic preference Baltics/Nordics — DACH needs angle"
"Trind Ventures","Micro-VC","Tallinn, Estonia","100k-1M (follow-on to 5M)","Founder-first European early-stage consumer & B2B/C2C","Consumer C2C marketplace is core thesis","Consumer health OK","partners on trind.vc","Fund II €55M deploying through 2025","Heavier Nordic/Central Europe"
"Specialist VC","Micro-VC","Tallinn, Estonia","250k-1M","Pre-seed to Series A, marketplaces explicitly in thesis, Baltics + Finland + Ukraine","Marketplace thesis explicit","Vertical SaaS in scope","hello@specialistvc.com","€50M fund deploying 2025","Geographic focus Baltic/Ukraine — DACH harder"
"Practica Capital","Micro-VC","Vilnius, Lithuania","1M-3M initial","Baltic-focused but invests pan-EU; marketplace, SaaS explicit","Marketplace thesis core (Eneba, Ovoko in portfolio)","Care marketplace fits","partners on practica.vc","€80M Fund IV launched early 2024; 4 investments in 2025","Baltic-anchored — DACH needs strong narrative"
"Speedinvest","VC","Vienna/Munich/Berlin/Paris/London","500k-3M pre-seed/seed","Pre-seed to seed; marketplaces and healthtech are explicit verticals","Marketplace vertical with FJ Labs partnership — direct fit","Health vertical led by Daria Saharova (Nilo Health, 9amHealth, hi.health)","speedinvest.com/contact; Mathias Ockenfels marketplaces, Daria Saharova health","€30M continuation fund 2025; €1B+ AUM; 400+ portfolio","Very competitive cold inbound funnel"
"Cherry Ventures","VC","Berlin/London/Stockholm","500k-5M (sweet spot 1.5M)","Pre-seed to Series A, B2B software, fintech, health tech, consumer","Marketplace track record (Flix, Auto1, Flaschenpost)","Healthtech in stated focus","hello@cherry.vc / partners on cherry.vc","130+ portfolio; Tacto, Proxima Fusion, Dash0 2024-25","Usually larger pre-seed checks"
"Calm/Storm Ventures","Micro-VC","Vienna, Austria","50k-500k (avg 500k Fund II)","Most active European healthtech investor; early/pre-seed","n/a","Perfect fit: pre-seed care-tech, DACH, Alltagshilfe + Pflege","hello@calmstorm.vc / partners on calmstorm.vc","€30M Fund II final close 2025; 9 new investments LTM Feb 2026","Healthtech only — Chairmatch n/a"
"Atlantic Labs","VC","Berlin, Germany","25k-5M (leads pre-seed)","Pre-seed Europe; digital health, future of work, mobility, vertical SaaS","Future of work + marketplace overlap","Digital health is explicit vertical","hello@atlantic.vc / partners on atlantic.vc","124 portfolio, 7 new in LTM Oct 2025","Increasingly AI/deep-tech themed"
"Picus Capital","VC","Munich/Berlin/NY/London","400k-3M (sweet spot 1.5M)","Pre-seed to Series A; healthcare, HR, real estate, e-commerce, logistics","Real estate marketplace adjacency for Chairmatch","Healthcare vertical explicit","hello@picuscap.com / partners on picuscap.com","€125M+ deployed 2025; €150M institutional from Carlyle AlpInvest Dec 2025","Very fast process — high bar"
"10x Founders","Micro-VC","Munich, Germany","500k-2.5M","Pre-seed/seed European tech; software-heavy","Tech-enabled marketplace OK if software differentiation strong","SaaS-leaning — health SaaS layer needed","hello@10xfounders.com / partners on 10xfounders.com","12 investments in 2025; 67 total portfolio","Less marketplace-friendly than peer funds"
"Vorwerk Ventures","VC","Berlin, Germany","1M-5M (seed-leading)","Consumer, food, health, climate; €400M AUM","Consumer marketplace track record (Mädchenflohmarkt)","Health is explicit vertical (aiomics 2025)","hello@vorwerkventures.com","2025 investments: aiomics (health), Rebike follow-on","Seed-stage leader — pre-seed rare"
"Capnamic","VC","Cologne/Berlin","500k-3M pre-seed/seed","B2B SaaS DACH-focused, Pre-Seed to Series A","n/a","Vertical SaaS for care possible angle","partners on capnamic.com","$215M fund close 2024; latest Freshflow May 2025","B2B SaaS focus"
"Entrepreneurs First Berlin","Accelerator","Berlin, Germany","€2k/mo + €90k for 10% at Launch","Talent-first pre-seed accelerator; sector-agnostic","Solo founders fit; marketplace welcome","Care-tech welcome","apply on joinef.com/locations/berlin","Cohorts active through Oct 2025 / Jan 2026","Need to commit to cohort and find co-founder — Yusuf already runs solo"
"Founderful","Micro-VC","Zurich, Switzerland","100k-250k initial","Swiss pre-seed lead; B2B, AI, marketplaces, brand-driven","Marketplace explicit in thesis","Healthtech possible","hello@founderful.com / partners on founderful.com","$140M Fund II actively deploying 2025; 8 investments incl. Anthropos","Strong Swiss-tech bias"
"Nina Capital","Micro-VC","Barcelona, Spain","250k-1.5M","Pure healthtech VC; Europe + US + Israel; pre-seed to Series A","n/a","Clinical pathways and tech-enabled care services is exact Alltagsengel fit","hello@nina.capital / partners on nina.capital","€50M Fund III first close Feb 2025; backed Sonar Mental Health","Healthtech only — Chairmatch not a fit"
"Hansi Hansmann / Hansmen Group","Angel","Vienna, Austria","50k-300k typical","Austria/Germany/UK/Spain angel; health-industry and internet","Internet marketplace generic fit","Direct fit: backed Vienna healthtech one100 in 2025","LinkedIn DM (linkedin.com/in/hansihansmann) or hansmengroup.com","one100 mid-six-figure cheque 2025; 100+ direct investments, 50+ active","Geographic bias to AT-adjacent — Frankfurt fine"
"Mato Peric","Angel","Dubai (Germany-focused)","5k-50k (sweet spot 25k)","Ex-Rocket Internet ops; pre-seed/seed enterprise SaaS, consumer, healthtech","Rocket Internet DNA understands marketplaces deeply","Healthtech explicit in mandate","LinkedIn DM / matoperic.com","Latest investment FARO Jan 2025; 23 total investments","Small cheques — needs to be in a syndicate"
"Lukasz Gadowski / Team Global","Angel + family office","Berlin, Germany","25k-500k angel","Consumer internet, marketplaces, mobility","Direct marketplace pedigree (Delivery Hero, Mister Spex, Wolt LP)","n/a","LinkedIn DM","Active 2025 via Team Global; long marketplace track record","Increasingly hard-tech/aero — service marketplaces still possible"
"Iterative","Accelerator","Singapore","up to $500k for 10-15%","YC-style SEA accelerator; sector-agnostic incl. marketplaces","Marketplace founder DNA strong (Propseller, Fluid in portfolio)","Care-tech welcome","apply on iterative.vc/apply","S25 and W26 demo days; 24 investments in 2025","SEA-focused — would need SEA expansion narrative"
"Saison Capital","Micro-VC","Singapore","250k-1M pre-seed/seed","Sector-agnostic SEA + India; explicitly marketplaces and platforms","Marketplace + financial-services-for-underbanked DNA","Underbanked/care services adjacency","hello@saisoncapital.com","79 portfolio; consistently active in pre-seed marketplace deals","SEA/India focus"
"Quest Ventures","VC","Singapore","100k-1M early-stage","Marketplaces is named focus sector across Asia digital economy","Marketplace pedigree (Carousell, Carro, 99.co)","Health-services marketplace possible","hello@questventures.com","150+ portfolio by end 2025; consistently active","Asia-only HQ requirement"
"Earlybird Health","VC","Berlin/Munich","500k-3M","Biotech, medtech, digital health early-stage","n/a","Digital health fits Alltagsengel if §45b reimbursement framed as defensible moat","partners on health.earlybird.com","4 Earlybird Health new investments 2024; 7 YTD May 2026","Healthcare only — Chairmatch out of scope"
"Project A Ventures","VC","Berlin, Germany","1M-8M (Fund V)","Pre-seed to seed; defence, fintech, AI, supply chain","Marketplace track record (Sennder)","Digital health in stated areas","hello@project-a.com / partners on project-a.com","€325M Fund V announced 2025; 15-20 investments/yr","Cheque size starts at €1M — competitive"
"TQ Ventures","VC","Berlin, Germany","500k-2M pre-seed","Pre-seed consumer + B2B; founder-led","Consumer marketplace fit","Consumer-health adjacency","partners on tq.ventures","Active 2025 deployments","Less marketplace track record than peers"
"468 Capital","VC","Berlin/Madrid/SF","250k-2M pre-seed","AI/Automation, infra, climate, consumer","Consumer marketplace possible","n/a","hello@468cap.com / partners on 468cap.com","99 portfolio, 13 new in LTM Nov 2025","AI-heavy thesis"
"Visionaries Tomorrow Fund","Micro-VC","Berlin/London","500k-3M","Deep-tech/climate; health, transportation, mobility","n/a","Health + elderly mobility possible if framed as deep-tech","partners on tomorrow.vc","€50M Tomorrow Fund deploying","Deep-tech/science thesis"
